IMG/a_1.jpeg,1
IMG/a_2.jpeg,1
IMG/a_3.jpeg,1
IMG/a_4.jpeg,1
IMG/a_5.jpeg,1
IMG/a_6.jpeg,1
IMG/a_7.jpeg,1
IMG/a_8.jpeg,1
IMG/a_9.jpeg,1
IMG/a_10.jpeg,1
IMG/a_11.jpeg,1
IMG/a_12.jpeg,1
IMG/a_13.jpeg,1
IMG/a_14.jpeg,1
IMG/a_15.jpeg,1
IMG/a_16.jpeg,1
IMG/a_17.jpeg,1
IMG/a_18.jpeg,1
IMG/a_19.jpeg,1
IMG/a_20.jpeg,1
IMG/a_21.jpeg,1
IMG/a_22.jpeg,1
IMG/a_23.jpeg,1
IMG/a_24.jpeg,1
IMG/a_25.jpeg,1
IMG/a_26.jpeg,1
IMG/a_27.jpeg,1
IMG/a_28.jpeg,1
IMG/a_29.jpeg,1
IMG/a_30.jpeg,1
IMG/a_31.jpeg,1
IMG/a_32.jpeg,1
IMG/a_33.jpeg,1
IMG/a_34.jpeg,1
IMG/a_35.jpeg,1
IMG/a_36.jpeg,1
IMG/a_37.jpeg,1
IMG/a_38.jpeg,1
IMG/a_39.jpeg,1
IMG/a_40.jpeg,1
IMG/a_41.jpeg,1
IMG/a_42.jpeg,1
IMG/a_43.jpeg,1
IMG/a_44.jpeg,1
IMG/d_1.jpeg,2
IMG/d_2.jpeg,2
IMG/d_3.jpeg,2
IMG/d_4.jpeg,2
IMG/d_5.jpeg,2
IMG/d_6.jpeg,2
IMG/d_7.jpeg,2
IMG/d_8.jpeg,2
IMG/d_9.jpeg,2
IMG/d_10.jpeg,2
IMG/d_11.jpeg,2
IMG/d_12.jpeg,2
IMG/d_13.jpeg,2
IMG/d_14.jpeg,2
IMG/d_15.jpeg,2
IMG/d_16.jpeg,2
IMG/d_17.jpeg,2
IMG/d_18.jpeg,2
IMG/d_19.jpeg,2
IMG/d_20.jpeg,2
IMG/d_21.jpeg,2
IMG/d_22.jpeg,2
IMG/d_23.jpeg,2
IMG/d_24.jpeg,2
IMG/d_25.jpeg,2
IMG/d_26.jpeg,2
IMG/d_27.jpeg,2
IMG/d_28.jpeg,2
IMG/d_29.jpeg,2
IMG/d_30.jpeg,2
IMG/d_31.jpeg,2
IMG/d_32.jpeg,2
IMG/d_33.jpeg,2
IMG/d_34.jpeg,2
IMG/d_35.jpeg,2
IMG/d_36.jpeg,2
IMG/d_37.jpeg,2
IMG/d_38.jpeg,2
IMG/d_39.jpeg,2
IMG/d_40.jpeg,2
IMG/d_41.jpeg,2
IMG/d_42.jpeg,2
IMG/d_43.jpeg,2
IMG/d_44.jpeg,2
IMG/d_45.jpeg,2
IMG/d_46.jpeg,2
IMG/d_47.jpeg,2
IMG/d_48.jpeg,2
IMG/d_49.jpeg,2
IMG/d_50.jpeg,2
IMG/d_51.jpeg,2
IMG/d_52.jpeg,2
IMG/d_53.jpeg,2
IMG/d_54.jpeg,2
IMG/d_55.jpeg,2
IMG/d_56.jpeg,2
IMG/d_57.jpeg,2
IMG/d_58.jpeg,2
IMG/d_59.jpeg,2
IMG/d_60.jpeg,2
IMG/d_61.jpeg,2
IMG/d_62.jpeg,2
IMG/d_63.jpeg,2
IMG/d_64.jpeg,2
IMG/d_65.jpeg,2
IMG/d_66.jpeg,2
IMG/d_67.jpeg,2
IMG/d_68.jpeg,2
IMG/d_69.jpeg,2
IMG/d_70.jpeg,2
IMG/d_71.jpeg,2
IMG/d_72.jpeg,2
IMG/d_73.jpeg,2
IMG/d_74.jpeg,2
IMG/d_75.jpeg,2
IMG/d_76.jpeg,2
IMG/d_77.jpeg,2
IMG/d_78.jpeg,2
IMG/d_79.jpeg,2
IMG/d_80.jpeg,2
IMG/d_81.jpeg,2
IMG/d_82.jpeg,2
IMG/d_83.jpeg,2
IMG/d_84.jpeg,2
IMG/d_85.jpeg,2
IMG/d_86.jpeg,2
IMG/d_87.jpeg,2
IMG/d_88.jpeg,2
IMG/d_89.jpeg,2
IMG/d_90.jpeg,2
IMG/d_91.jpeg,2
IMG/d_92.jpeg,2
IMG/d_93.jpeg,2
IMG/d_94.jpeg,2
IMG/d_95.jpeg,2
IMG/d_96.jpeg,2
IMG/d_97.jpeg,2
IMG/d_98.jpeg,2
IMG/d_99.jpeg,2
IMG/d_100.jpeg,2
IMG/d_101.jpeg,2
IMG/d_102.jpeg,2
IMG/d_103.jpeg,2
IMG/d_104.jpeg,2
IMG/d_105.jpeg,2
IMG/d_106.jpeg,2
IMG/d_107.jpeg,2
IMG/d_108.jpeg,2
IMG/d_109.jpeg,2
IMG/d_110.jpeg,2
IMG/d_111.jpeg,2
IMG/d_112.jpeg,2
IMG/d_113.jpeg,2
IMG/d_114.jpeg,2
IMG/f_1.jpeg,3
IMG/f_2.jpeg,3
IMG/f_3.jpeg,3
IMG/f_4.jpeg,3
IMG/f_5.jpeg,3
IMG/f_6.jpeg,3
IMG/f_7.jpeg,3
IMG/f_8.jpeg,3
IMG/f_9.jpeg,3
IMG/f_10.jpeg,3
IMG/f_11.jpeg,3
IMG/f_12.jpeg,3
IMG/f_13.jpeg,3
IMG/f_14.jpeg,3
IMG/f_15.jpeg,3
IMG/f_16.jpeg,3
IMG/f_17.jpeg,3
IMG/f_18.jpeg,3
IMG/f_20.jpeg,3
IMG/f_24.jpeg,3
IMG/f_25.jpeg,3
IMG/f_26.jpeg,3
IMG/f_27.jpeg,3
IMG/f_28.jpeg,3
IMG/f_29.jpeg,3
IMG/f_30.jpeg,3
IMG/f_31.jpeg,3
IMG/f_32.jpeg,3
IMG/f_33.jpeg,3
IMG/f_35.jpeg,3
IMG/f_37.jpeg,3
IMG/f_39.jpeg,3
IMG/f_40.jpeg,3
IMG/f_42.jpeg,3
IMG/f_43.jpeg,3
IMG/f_44.jpeg,3
IMG/f_45.jpeg,3
IMG/f_46.jpeg,3
IMG/f_47.jpeg,3
IMG/f_48.jpeg,3
IMG/f_49.jpeg,3
IMG/f_51.jpeg,3
IMG/f_53.jpeg,3
IMG/f_55.jpeg,3
IMG/f_56.jpeg,3
IMG/f_57.jpeg,3
IMG/f_58.jpeg,3
IMG/f_59.jpeg,3
IMG/f_60.jpeg,3
IMG/f_61.jpeg,3
IMG/f_63.jpeg,3
IMG/f_64.jpeg,3
IMG/f_65.jpeg,3
IMG/f_66.jpeg,3
IMG/f_67.jpeg,3
IMG/f_69.jpeg,3
IMG/f_70.jpeg,3
IMG/f_71.jpeg,3
IMG/f_72.jpeg,3
IMG/f_73.jpeg,3
IMG/f_74.jpeg,3
IMG/f_75.jpeg,3
IMG/f_76.jpeg,3
IMG/f_77.jpeg,3
IMG/f_78.jpeg,3
IMG/f_79.jpeg,3
IMG/f_80.jpeg,3
IMG/l_1.jpeg,4
IMG/l_2.jpeg,4
IMG/l_3.jpeg,4
IMG/l_4.jpeg,4
IMG/l_5.jpeg,4
IMG/l_6.jpeg,4
IMG/l_7.jpeg,4
IMG/l_8.jpeg,4
IMG/l_9.jpeg,4
IMG/l_10.jpeg,4
IMG/l_11.jpeg,4
IMG/l_12.jpeg,4
IMG/l_13.jpeg,4
IMG/l_14.jpeg,4
IMG/l_15.jpeg,4
IMG/l_16.jpeg,4
IMG/l_17.jpeg,4
IMG/l_18.jpeg,4
IMG/l_19.jpeg,4
IMG/l_20.jpeg,4
IMG/l_21.jpeg,4
IMG/l_22.jpeg,4
IMG/l_23.jpeg,4
IMG/l_24.jpeg,4
IMG/l_25.jpeg,4
IMG/l_26.jpeg,4
IMG/l_27.jpeg,4
IMG/l_28.jpeg,4
IMG/l_29.jpeg,4
IMG/l_30.jpeg,4
IMG/l_31.jpeg,4
IMG/l_32.jpeg,4
IMG/l_33.jpeg,4
IMG/l_34.jpeg,4
IMG/l_35.jpeg,4
IMG/l_36.jpeg,4
IMG/l_37.jpeg,4
IMG/l_38.jpeg,4
IMG/l_39.jpeg,4
IMG/l_40.jpeg,4
IMG/l_41.jpeg,4
IMG/l_42.jpeg,4
IMG/l_43.jpeg,4
IMG/l_44.jpeg,4
IMG/l_45.jpeg,4
IMG/l_46.jpeg,4
IMG/l_47.jpeg,4
IMG/l_48.jpeg,4
IMG/l_49.jpeg,4
IMG/l_50.jpeg,4
IMG/l_51.jpeg,4
IMG/l_52.jpeg,4
IMG/l_53.jpeg,4
IMG/l_54.jpeg,4
IMG/l_55.jpeg,4
IMG/l_56.jpeg,4
IMG/l_57.jpeg,4
IMG/l_58.jpeg,4
IMG/l_59.jpeg,4
IMG/l_60.jpeg,4
IMG/l_61.jpeg,4
IMG/l_62.jpeg,4
IMG/l_63.jpeg,4
IMG/l_64.jpeg,4
IMG/l_65.jpeg,4
IMG/l_66.jpeg,4
IMG/l_67.jpeg,4
IMG/l_68.jpeg,4
IMG/l_69.jpeg,4
IMG/l_70.jpeg,4
IMG/l_71.jpeg,4
IMG/l_72.jpeg,4
IMG/l_73.jpeg,4
IMG/l_74.jpeg,4
IMG/l_75.jpeg,4
IMG/l_76.jpeg,4
IMG/l_77.jpeg,4
IMG/l_78.jpeg,4
IMG/l_79.jpeg,4
IMG/l_80.jpeg,4
IMG/l_81.jpeg,4
IMG/l_82.jpeg,4
IMG/l_83.jpeg,4
IMG/l_84.jpeg,4
IMG/l_85.jpeg,4
IMG/l_86.jpeg,4
IMG/l_87.jpeg,4
IMG/l_88.jpeg,4
IMG/l_89.jpeg,4
IMG/l_90.jpeg,4
IMG/l_91.jpeg,4
IMG/l_92.jpeg,4
IMG/l_93.jpeg,4
IMG/l_94.jpeg,4
IMG/l_95.jpeg,4
IMG/l_96.jpeg,4
IMG/l_97.jpeg,4
IMG/l_98.jpeg,4
IMG/l_99.jpeg,4
IMG/l_100.jpeg,4
IMG/l_101.jpeg,4
IMG/l_102.jpeg,4
IMG/l_103.jpeg,4
IMG/l_104.jpeg,4
IMG/l_105.jpeg,4
IMG/l_106.jpeg,4
IMG/l_107.jpeg,4
IMG/l_108.jpeg,4
IMG/l_109.jpeg,4
IMG/l_110.jpeg,4
IMG/l_111.jpeg,4
IMG/l_112.jpeg,4
IMG/l_113.jpeg,4
IMG/l_114.jpeg,4
IMG/l_115.jpeg,4
IMG/l_116.jpeg,4
IMG/l_117.jpeg,4
IMG/l_118.jpeg,4
IMG/l_119.jpeg,4
IMG/v_1.jpeg,5
IMG/v_2.jpeg,5
IMG/v_3.jpeg,5
IMG/v_4.jpeg,5
IMG/v_5.jpeg,5
IMG/v_6.jpeg,5
IMG/v_7.jpeg,5
IMG/v_8.jpeg,5
IMG/v_9.jpeg,5
IMG/v_10.jpeg,5
IMG/v_11.jpeg,5
IMG/v_12.jpeg,5
IMG/v_13.jpeg,5
IMG/v_14.jpeg,5
IMG/v_15.jpeg,5
IMG/v_16.jpeg,5
IMG/v_17.jpeg,5
IMG/v_18.jpeg,5
IMG/v_19.jpeg,5
IMG/v_20.jpeg,5
IMG/v_21.jpeg,5
IMG/v_22.jpeg,5
IMG/v_23.jpeg,5
IMG/v_24.jpeg,5
IMG/v_25.jpeg,5
IMG/v_26.jpeg,5
IMG/v_27.jpeg,5
IMG/v_28.jpeg,5
IMG/v_29.jpeg,5
IMG/v_30.jpeg,5
IMG/v_31.jpeg,5
IMG/v_32.jpeg,5
IMG/v_33.jpeg,5
IMG/v_34.jpeg,5
IMG/v_35.jpeg,5
IMG/v_36.jpeg,5
IMG/v_37.jpeg,5
IMG/v_38.jpeg,5
IMG/v_39.jpeg,5
IMG/v_40.jpeg,5
IMG/v_41.jpeg,5
IMG/v_42.jpeg,5
IMG/v_43.jpeg,5
IMG/v_44.jpeg,5
IMG/v_45.jpeg,5
IMG/v_46.jpeg,5
IMG/v_47.jpeg,5
IMG/v_48.jpeg,5
IMG/v_49.jpeg,5
IMG/v_50.jpeg,5
IMG/v_51.jpeg,5
IMG/v_52.jpeg,5
IMG/v_53.jpeg,5
IMG/v_54.jpeg,5
IMG/v_55.jpeg,5
IMG/v_56.jpeg,5
IMG/v_57.jpeg,5
IMG/v_58.jpeg,5
IMG/v_59.jpeg,5
IMG/v_60.jpeg,5
IMG/v_61.jpeg,5
IMG/v_62.jpeg,5
IMG/v_63.jpeg,5
IMG/v_64.jpeg,5
IMG/v_65.jpeg,5
IMG/v_66.jpeg,5
IMG/v_67.jpeg,5
IMG/v_68.jpeg,5
IMG/v_69.jpeg,5
IMG/v_70.jpeg,5
IMG/v_71.jpeg,5
IMG/v_72.jpeg,5
IMG/v_73.jpeg,5
IMG/v_74.jpeg,5
IMG/v_75.jpeg,5
IMG/v_76.jpeg,5
